,WIND_ONSHORE,SOLAR_PV
0,0.14936863003237677,0.4323689561233302
1,0.12783132637085665,0.3802352573975143
2,0.12053203465720885,0.2749903562854732
3,0.11256246138302674,0.20671003932071735
4,0.1052015709769892,0.15392980584312627
5,0.10311566705581261,0.12068665872033496
6,0.09796729709293943,0.09572526563049982
7,0.09360195177336228,0.0843146535411127
8,0.08769280800369583,0.06617908570200112
9,0.08288511264110582,0.054809167679120856
10,0.07683258644370383,0.04749450384434133
